imp_fraction,perturb_param,level,factor,seed,pop,mean_sttc,pct_ictal,mean_rate,cv_rate
10p,C,-0.2,0.8,12347,IMP,0.2006261625954169,0.0,13.4289375,2.029130716243146
10p,C,-0.2,0.8,12347,FS,0.13476139499932727,0.0,7.195062500000001,1.112569930391867
10p,p_conn,-0.1,0.9,12345,IMP,0.16870745972381915,0.0,11.3974375,2.1648505678308863
10p,p_conn,-0.1,0.9,12345,FS,0.10439090867621291,0.0,6.414525,1.1886126333973317
10p,tau_w,0.2,1.2,12346,IMP,0.15900450902476226,0.0,11.41375,2.322760241797227
10p,tau_w,0.2,1.2,12346,FS,0.09634205980549733,0.0,6.0026625000000005,1.2921173940585784
10p,C,-0.1,0.9,12346,IMP,0.18993276992417793,0.0,13.18803125,2.1155949753264176
10p,C,-0.1,0.9,12346,FS,0.12430227952187796,0.0,6.9033500000000005,1.1931678536787054
10p,C,0.0,1.0,12346,IMP,0.17417593501371417,0.0,12.608875000000003,2.1063606878449646
10p,C,0.0,1.0,12346,FS,0.1113416004963874,0.0,6.553062499999999,1.1991246984486732
10p,tau_w,0.0,1.0,12346,IMP,0.17417593501371417,0.0,12.608875000000003,2.1063606878449646
10p,tau_w,0.0,1.0,12346,FS,0.1113416004963874,0.0,6.553062499999999,1.1991246984486732
10p,p_conn,0.0,1.0,12346,IMP,0.17417593501371417,0.0,12.608875000000003,2.1063606878449646
10p,p_conn,0.0,1.0,12346,FS,0.1113416004963874,0.0,6.553062499999999,1.1991246984486732
10p,p_conn,-0.1,0.9,12346,IMP,0.15162605834172266,0.0,10.779312500000001,1.9710755784762852
10p,p_conn,-0.1,0.9,12346,FS,0.1019008723500605,0.0,6.2618875,1.0741288756782348
10p,tau_w,0.1,1.1,12346,IMP,0.15396321564734683,0.0,11.40165625,2.1990251889822097
10p,tau_w,0.1,1.1,12346,FS,0.0979455109800247,0.0,6.104275,1.215813482293763
10p,tau_w,0.1,1.1,12345,IMP,0.1649984703550745,0.0,10.809093749999999,2.2358023193245398
10p,tau_w,0.1,1.1,12345,FS,0.10598441211794413,0.0,5.9830250000000005,1.2005934842153623
10p,tau_w,-0.2,0.8,12347,IMP,0.19947344148559693,0.0,13.541375,1.7977094160582878
10p,tau_w,-0.2,0.8,12347,FS,0.1430674433740029,0.0,7.1726374999999996,1.0308498843120255
10p,p_conn,0.1,1.1,12345,IMP,0.17603620262966568,0.0,12.1620625,2.108315439351589
10p,p_conn,0.1,1.1,12345,FS,0.1124127680729789,0.0,6.2964,1.1742823896793129
10p,C,0.0,1.0,12347,IMP,0.15619630127882245,0.0,11.3375,2.023906193915074
10p,C,0.0,1.0,12347,FS,0.10454277554393954,0.0,6.235074999999999,1.1121676610237587
10p,tau_w,0.0,1.0,12347,IMP,0.15619630127882245,0.0,11.3375,2.023906193915074
10p,tau_w,0.0,1.0,12347,FS,0.10454277554393954,0.0,6.235074999999999,1.1121676610237587
10p,p_conn,0.0,1.0,12347,IMP,0.15619630127882245,0.0,11.3375,2.023906193915074
10p,p_conn,0.0,1.0,12347,FS,0.10454277554393954,0.0,6.235074999999999,1.1121676610237587
10p,p_conn,-0.2,0.8,12346,IMP,0.1491277049546936,0.0,10.785062499999999,2.0247730193754863
10p,p_conn,-0.2,0.8,12346,FS,0.09479708326085536,0.0,6.4708375,1.121572104484813
10p,C,0.2,1.2,12347,IMP,0.13700928521947364,0.0,10.39875,2.0872224996972824
10p,C,0.2,1.2,12347,FS,0.09673908358609161,0.0,5.67485,1.1559279979353634
10p,C,0.1,1.1,12347,IMP,0.1528873605876497,0.0,10.808343749999999,2.0024797643890033
10p,C,0.1,1.1,12347,FS,0.10867998021233027,0.0,5.916825,1.1108055910162358
10p,C,0.0,1.0,12345,IMP,0.1744726597711724,0.0,11.731625,2.0088145091572507
10p,C,0.0,1.0,12345,FS,0.1100001326704704,0.0,6.3704375,1.1091601240245432
10p,tau_w,0.0,1.0,12345,IMP,0.1744726597711724,0.0,11.731625,2.0088145091572507
10p,tau_w,0.0,1.0,12345,FS,0.1100001326704704,0.0,6.3704375,1.1091601240245432
10p,p_conn,0.0,1.0,12345,IMP,0.1744726597711724,0.0,11.731625,2.0088145091572507
10p,p_conn,0.0,1.0,12345,FS,0.1100001326704704,0.0,6.3704375,1.1091601240245432
10p,p_conn,-0.2,0.8,12345,IMP,0.16608475785366394,0.0,11.041875,2.0588370814038424
10p,p_conn,-0.2,0.8,12345,FS,0.11517422225790716,0.0,6.5260375,1.1368771926950627
10p,C,0.2,1.2,12346,IMP,0.14571925696360924,0.0,11.14115625,2.0296866346777436
10p,C,0.2,1.2,12346,FS,0.09375116001268775,0.0,5.8616874999999995,1.1706638160544984
10p,C,-0.1,0.9,12345,IMP,0.18469170419487102,0.0,12.691125,1.9884325458925647
10p,C,-0.1,0.9,12345,FS,0.12420278348871844,0.0,6.803775000000001,1.0893234992997018
10p,tau_w,-0.1,0.9,12346,IMP,0.19331167394162496,0.0,13.182781249999998,1.9417671915867512
10p,tau_w,-0.1,0.9,12346,FS,0.1192283230071643,0.0,6.874475,1.1203738537753651
10p,tau_w,-0.2,0.8,12345,IMP,0.2053299033449817,0.0,13.38921875,1.6910219956859556
10p,tau_w,-0.2,0.8,12345,FS,0.13787494925778915,0.0,7.1764375000000005,0.9736725095529702
10p,tau_w,-0.1,0.9,12345,IMP,0.18793831021251198,0.0,12.345843749999998,1.8936193144880098
10p,tau_w,-0.1,0.9,12345,FS,0.12646282203443523,0.0,6.69755,1.0567425642858124
10p,tau_w,-0.2,0.8,12346,IMP,0.21822264126509008,0.0,14.51696875,1.840181504973497
10p,tau_w,-0.2,0.8,12346,FS,0.13625348040559693,0.0,7.4216125,1.084216937454329
10p,C,0.1,1.1,12345,IMP,0.15924638118658369,0.0,11.089125,2.0643766624466164
10p,C,0.1,1.1,12345,FS,0.10506831449912772,0.0,6.0328375,1.1468560976644397
10p,C,0.2,1.2,12345,IMP,0.14670152092607214,0.0,10.17265625,2.0130004964582806
10p,C,0.2,1.2,12345,FS,0.09735968593949877,0.0,5.649950000000001,1.1224941656272442
10p,C,-0.2,0.8,12345,IMP,0.19448920243418194,0.0,13.275531249999998,1.9542042661553196
10p,C,-0.2,0.8,12345,FS,0.13104224228750214,0.0,7.1923875,1.0646654534846658
10p,p_conn,0.2,1.2,12346,IMP,0.199867972448759,0.0,15.652218749999998,2.0707342565351468
10p,p_conn,0.2,1.2,12346,FS,0.11524331982002593,0.0,6.9870125000000005,1.2639445798529338
10p,tau_w,0.2,1.2,12345,IMP,0.14407344623073112,0.0,9.89484375,2.309494142281927
10p,tau_w,0.2,1.2,12345,FS,0.09397523689504361,0.0,5.6380375,1.210205575403075
10p,C,-0.2,0.8,12346,IMP,0.19975387581556073,0.0,13.88878125,2.121467033668313
10p,C,-0.2,0.8,12346,FS,0.12930036664106273,0.0,7.3227,1.173179298184728
10p,C,0.1,1.1,12346,IMP,0.1654475691350617,0.0,11.6925625,2.142411185103844
10p,C,0.1,1.1,12346,FS,0.10447523649136692,0.0,6.1566875,1.2170304292571656
10p,p_conn,0.2,1.2,12345,IMP,0.1877138891800743,0.0,13.9595,2.081383457658943
10p,p_conn,0.2,1.2,12345,FS,0.11628181095334295,0.0,6.5659125,1.1990424757195666
10p,p_conn,0.1,1.1,12346,IMP,0.18975156805381668,0.0,13.910843750000002,2.13797761885082
10p,p_conn,0.1,1.1,12346,FS,0.1134595627607772,0.0,6.6829125,1.2585136344711747
10p,C,-0.1,0.9,12347,IMP,0.17780633892425832,0.0,12.232281249999998,2.0135321995489277
10p,C,-0.1,0.9,12347,FS,0.1262628803029026,0.0,6.660237500000001,1.1066272236863737
10p,tau_w,-0.1,0.9,12347,IMP,0.1787450487659786,0.0,12.59965625,1.8929625200432425
10p,tau_w,-0.1,0.9,12347,FS,0.11959840337066634,0.0,6.731125,1.0762375018842385
10p,tau_w,0.2,1.2,12347,IMP,0.14231409467622266,0.0,10.062156250000001,2.347650901373637
10p,tau_w,0.2,1.2,12347,FS,0.09104022619260506,0.0,5.6552,1.2416645935225141
10p,p_conn,-0.1,0.9,12347,IMP,0.15852826619012433,0.0,11.55453125,1.9678998992443946
10p,p_conn,-0.1,0.9,12347,FS,0.1081053020874546,0.0,6.4322,1.0926540106834681
10p,p_conn,0.2,1.2,12347,IMP,0.18218557947031527,0.0,14.649812500000001,2.0599190093841995
10p,p_conn,0.2,1.2,12347,FS,0.11574427564113304,0.0,6.713987500000001,1.2170259429460275
10p,p_conn,0.1,1.1,12347,IMP,0.1845866139751947,0.0,13.10359375,2.1336594066073546
10p,p_conn,0.1,1.1,12347,FS,0.12868142640366118,0.0,6.5124375,1.218699942111735
10p,p_conn,-0.2,0.8,12347,IMP,0.159866482600537,0.0,10.778062499999999,2.0741300103739837
10p,p_conn,-0.2,0.8,12347,FS,0.11612536592484679,0.0,6.413075,1.1309924370728466
10p,tau_w,0.1,1.1,12347,IMP,0.15838670558984613,0.0,11.215343749999999,2.149262944419271
10p,tau_w,0.1,1.1,12347,FS,0.10151192532165323,0.0,6.06235,1.1772965094448857
50p,C,0.0,1.0,12345,IMP,0.5568369076416652,63.75000000000002,121.52227500000001,0.6874724314058015
50p,C,0.0,1.0,12345,FS,0.48962069668676333,64.00000000000003,103.4211375,0.6765052691634466
50p,tau_w,0.0,1.0,12345,IMP,0.5568369076416652,63.75000000000002,121.52227500000001,0.6874724314058015
50p,tau_w,0.0,1.0,12345,FS,0.48962069668676333,64.00000000000003,103.4211375,0.6765052691634466
50p,p_conn,0.0,1.0,12345,IMP,0.5568369076416652,63.75000000000002,121.52227500000001,0.6874724314058015
50p,p_conn,0.0,1.0,12345,FS,0.48962069668676333,64.00000000000003,103.4211375,0.6765052691634466
50p,C,-0.2,0.8,12345,IMP,0.5827419416516196,65.62500000000001,127.08130625000001,0.657887472385645
50p,C,-0.2,0.8,12345,FS,0.5191296619803848,65.875,108.81228749999998,0.6469338768439261
50p,C,0.0,1.0,12346,IMP,0.5721910313148141,65.125,126.10985000000001,0.6494616150561691
50p,C,0.0,1.0,12346,FS,0.52191907934461,65.375,107.07367500000001,0.6391534555058298
50p,tau_w,0.0,1.0,12346,IMP,0.5721910313148141,65.125,126.10985000000001,0.6494616150561691
50p,tau_w,0.0,1.0,12346,FS,0.52191907934461,65.375,107.07367500000001,0.6391534555058298
50p,p_conn,0.0,1.0,12346,IMP,0.5721910313148141,65.125,126.10985000000001,0.6494616150561691
50p,p_conn,0.0,1.0,12346,FS,0.52191907934461,65.375,107.07367500000001,0.6391534555058298
50p,C,0.1,1.1,12346,IMP,0.5588508635056563,65.00000000000003,123.81203125,0.6601561282973558
50p,C,0.1,1.1,12346,FS,0.5106478681991242,65.00000000000003,104.87001249999999,0.6510209951135104
50p,tau_w,0.1,1.1,12346,IMP,0.5773585091317358,62.374999999999986,122.97039375,0.6982163268844731
50p,tau_w,0.1,1.1,12346,FS,0.519410016664766,62.374999999999986,105.10573749999999,0.6880493379370408
50p,tau_w,-0.1,0.9,12345,IMP,0.5543838661672683,66.37500000000001,124.6337875,0.645508991949068
50p,tau_w,-0.1,0.9,12345,FS,0.49654185278308494,66.37500000000001,106.08491249999999,0.6365395475616492
50p,tau_w,-0.2,0.8,12345,IMP,0.5577596908682058,69.375,126.72210625000001,0.596585136599393
50p,tau_w,-0.2,0.8,12345,FS,0.5009445757694828,69.62499999999999,108.3236625,0.5875123872494011
50p,tau_w,0.1,1.1,12345,IMP,0.5712800571179009,62.125,122.81985,0.6978609861431749
50p,tau_w,0.1,1.1,12345,FS,0.4995793405700343,62.375000000000014,104.9332625,0.6868371988068003
50p,C,0.1,1.1,12345,IMP,0.5613035561845436,65.12499999999999,124.22994375,0.6590138631675395
50p,C,0.1,1.1,12345,FS,0.4952169895493456,65.375,105.3423875,0.6496988319589346
50p,C,0.2,1.2,12346,IMP,0.5465056554409512,61.875,119.38458750000001,0.6958003927309654
50p,C,0.2,1.2,12346,FS,0.4966219631701355,63.374999999999986,100.9351875,0.6855735960185491
50p,tau_w,-0.1,0.9,12346,IMP,0.5609966118777386,67.625,124.99796875,0.6338385041605268
50p,tau_w,-0.1,0.9,12346,FS,0.5195245012242509,67.625,106.17916249999999,0.6234382373695275
50p,C,-0.1,0.9,12346,IMP,0.5866011275820189,65.62499999999997,127.69055625000001,0.6444601532631843
50p,C,-0.1,0.9,12346,FS,0.5371898246362324,66.12499999999999,108.7165875,0.6352596660920672
50p,p_conn,-0.2,0.8,12346,IMP,0.5599541339514958,57.625000000000014,115.6562875,0.7645733414559975
50p,p_conn,-0.2,0.8,12346,FS,0.486835563131333,58.125000000000014,98.71046249999999,0.7506815782050462
50p,p_conn,-0.2,0.8,12345,IMP,0.5541134011815898,57.375,115.5014625,0.7632026323232136
50p,p_conn,-0.2,0.8,12345,FS,0.49330773560708485,58.125000000000014,98.522425,0.7480214042844942
50p,C,-0.2,0.8,12346,IMP,0.5866686373945079,66.12500000000001,127.7928125,0.6505374037121585
50p,C,-0.2,0.8,12346,FS,0.5419398300476349,66.625,109.12708750000002,0.6395701238800519
50p,C,0.2,1.2,12345,IMP,0.5440983281223645,62.125000000000014,119.488925,0.6920515667207595
50p,C,0.2,1.2,12345,FS,0.48067679945740877,63.625000000000014,101.16225,0.6817756972484336
50p,tau_w,0.2,1.2,12346,IMP,0.5835119397567189,63.875000000000014,125.997575,0.6924349305332327
50p,tau_w,0.2,1.2,12346,FS,0.5224733197427324,63.875000000000014,107.4127125,0.6832438969902364
50p,tau_w,0.2,1.2,12345,IMP,0.5799254211432004,63.625000000000014,125.39178749999999,0.6960253420985177
50p,tau_w,0.2,1.2,12345,FS,0.5031455754879653,63.625000000000014,106.9273,0.6867745394125194
50p,tau_w,-0.2,0.8,12346,IMP,0.5523253784214417,66.24999999999999,123.88946250000001,0.6278336194225972
50p,tau_w,-0.2,0.8,12346,FS,0.5165847508091846,66.5,105.6652125,0.6178564850732323
50p,p_conn,0.1,1.1,12346,IMP,0.5576603357832258,64.87499999999999,123.6933625,0.6595458789737919
50p,p_conn,0.1,1.1,12346,FS,0.5087855571480824,65.12499999999999,105.3579375,0.6498564506097723
50p,p_conn,-0.1,0.9,12346,IMP,0.5551713623162917,60.5,118.59334374999999,0.7235474357765486
50p,p_conn,-0.1,0.9,12346,FS,0.4942945323776618,60.75,100.83393749999999,0.7105423692445832
50p,p_conn,0.1,1.1,12345,IMP,0.5630848695187572,64.87500000000001,124.26973125,0.6552723818794621
50p,p_conn,0.1,1.1,12345,FS,0.5176083288004198,66.12500000000001,105.859,0.6450553173006488
50p,p_conn,-0.1,0.9,12345,IMP,0.5514089652853844,60.25,118.19075000000001,0.7278582152170868
50p,p_conn,-0.1,0.9,12345,FS,0.4962001275987528,60.25,100.6848875,0.7153807364497403
50p,p_conn,0.2,1.2,12345,IMP,0.5690292092805432,67.5,127.43234375,0.6164691733036703
50p,p_conn,0.2,1.2,12345,FS,0.522259711206243,69.0,108.7138875,0.6069384985363067
50p,C,-0.1,0.9,12345,IMP,0.5766470908487153,65.375,126.25458750000001,0.6582477386210978
50p,C,-0.1,0.9,12345,FS,0.5123702213776243,65.875,107.68758749999999,0.6486057514280299
50p,C,0.0,1.0,12347,IMP,0.551264023866247,62.62500000000002,120.67896874999998,0.691349077207669
50p,C,0.0,1.0,12347,FS,0.4970274602597361,62.62500000000002,102.49088749999999,0.6792432984539439
50p,tau_w,0.0,1.0,12347,IMP,0.551264023866247,62.62500000000002,120.67896874999998,0.691349077207669
50p,tau_w,0.0,1.0,12347,FS,0.4970274602597361,62.62500000000002,102.49088749999999,0.6792432984539439
50p,p_conn,0.0,1.0,12347,IMP,0.551264023866247,62.62500000000002,120.67896874999998,0.691349077207669
50p,p_conn,0.0,1.0,12347,FS,0.4970274602597361,62.62500000000002,102.49088749999999,0.6792432984539439
50p,C,-0.2,0.8,12347,IMP,0.5868593335400873,65.62500000000001,127.38801875000001,0.6545504364014848
50p,C,-0.2,0.8,12347,FS,0.5323612315543343,65.62500000000001,108.716875,0.6441856705503745
50p,tau_w,-0.2,0.8,12347,IMP,0.5473728076492056,66.5,123.27205000000002,0.6253032574064693
50p,tau_w,-0.2,0.8,12347,FS,0.5059776239222855,66.5,105.1661,0.6150098865880564
50p,C,0.2,1.2,12347,IMP,0.5350540432758916,61.874999999999986,119.33425000000001,0.6917319822237602
50p,C,0.2,1.2,12347,FS,0.4785193558891182,62.125,100.61585,0.6812029912999769
50p,C,0.1,1.1,12347,IMP,0.5488500164951117,62.875000000000014,120.6762875,0.6863404447793523
50p,C,0.1,1.1,12347,FS,0.48956002623798667,63.375,102.11236250000002,0.6753384655660022
50p,p_conn,0.2,1.2,12346,IMP,0.574085237085418,67.62499999999999,127.87774375,0.6192644834363473
50p,p_conn,0.2,1.2,12346,FS,0.530039523392664,68.125,109.19567500000001,0.6117186801816108
50p,C,-0.1,0.9,12347,IMP,0.58423360702115,65.37500000000001,127.6405125,0.6445871802044003
50p,C,-0.1,0.9,12347,FS,0.5263804358380797,65.875,108.474425,0.6346609426670556
50p,tau_w,0.1,1.1,12347,IMP,0.5575302963010148,62.375000000000014,121.34394375,0.7073402440775632
50p,tau_w,0.1,1.1,12347,FS,0.49652165404767934,62.875000000000014,103.0133625,0.6963731806931539
50p,tau_w,0.2,1.2,12347,IMP,0.5581871253487722,61.5,120.61630625000002,0.7324093420321939
50p,tau_w,0.2,1.2,12347,FS,0.49037537599111075,61.5,102.50202499999999,0.7214217326630937
50p,tau_w,-0.1,0.9,12347,IMP,0.559386987463097,67.12500000000001,124.61015625,0.640798604228202
50p,tau_w,-0.1,0.9,12347,FS,0.5066981064928245,67.12500000000001,105.712,0.6311773737461728
50p,p_conn,-0.2,0.8,12347,IMP,0.5574644667166921,57.374999999999986,115.34086875000001,0.7731389561762625
50p,p_conn,-0.2,0.8,12347,FS,0.4847456230189275,57.374999999999986,97.94194999999999,0.7611141791015091
50p,p_conn,-0.1,0.9,12347,IMP,0.5628810711433495,61.500000000000014,120.83164375,0.7060503143067124
50p,p_conn,-0.1,0.9,12347,FS,0.5051230037351738,61.500000000000014,102.54611249999999,0.6952566097505983
50p,p_conn,0.1,1.1,12347,IMP,0.5545917379447453,65.875,124.39923125000001,0.6535074183172194
50p,p_conn,0.1,1.1,12347,FS,0.5263884920397658,66.37499999999999,105.76093749999998,0.6439720345292979
50p,p_conn,0.2,1.2,12347,IMP,0.5761883401917783,69.375,129.96315,0.5999816577925273
50p,p_conn,0.2,1.2,12347,FS,0.5285961326456945,69.62500000000003,110.2801875,0.5917116510465966
100p,C,0.0,1.0,12345,IMP,0.8208760068851801,96.12500000000001,171.25651331416427,0.19576732402443783
100p,C,0.0,1.0,12345,FS,0.754772014314141,96.12500000000001,187.6705875,0.19349136863104843
100p,tau_w,0.0,1.0,12345,IMP,0.8208760068851801,96.12500000000001,171.25651331416427,0.19576732402443783
100p,tau_w,0.0,1.0,12345,FS,0.754772014314141,96.12500000000001,187.6705875,0.19349136863104843
100p,p_conn,0.0,1.0,12345,IMP,0.8208760068851801,96.12500000000001,171.25651331416427,0.19576732402443783
100p,p_conn,0.0,1.0,12345,FS,0.754772014314141,96.12500000000001,187.6705875,0.19349136863104843
100p,C,0.1,1.1,12345,IMP,0.8090816752801285,95.875,169.1482529066133,0.1978598401285534
100p,C,0.1,1.1,12345,FS,0.7464663020006587,95.875,186.358825,0.19578586053907351
100p,C,-0.1,0.9,12345,IMP,0.8282589137688773,95.875,172.78460745093136,0.19432432221846305
100p,C,-0.1,0.9,12345,FS,0.7578854737162763,96.12500000000001,188.804775,0.19199989327254985
100p,C,0.2,1.2,12345,IMP,0.7987320977465682,96.12500000000001,166.88739217402173,0.1983922274641241
100p,C,0.2,1.2,12345,FS,0.7478637471472572,96.12500000000001,185.4675125,0.19593277039789073
100p,tau_w,0.1,1.1,12345,IMP,0.7905553486042232,95.625,167.78116952119012,0.20728915081729388
100p,tau_w,0.1,1.1,12345,FS,0.7493318638456483,95.625,186.75844999999998,0.20502053421406055
100p,C,-0.2,0.8,12345,IMP,0.8366096191491929,96.12500000000001,174.7883391673959,0.19427305424512548
100p,C,-0.2,0.8,12345,FS,0.7649088197464604,96.12500000000001,189.9180125,0.19144004097228853
100p,tau_w,0.2,1.2,12345,IMP,0.7893344925965704,90.625,169.27139642455305,0.3133891047625176
100p,tau_w,0.2,1.2,12345,FS,0.7291484335240149,90.625,177.9769375,0.30790569278968344
100p,C,-0.1,0.9,12346,IMP,0.8204146342236643,95.875,172.5094949368671,0.19546303036993365
100p,C,-0.1,0.9,12346,FS,0.7551157194991904,95.875,188.6881875,0.19287734418495414
100p,C,0.2,1.2,12346,IMP,0.7903130219343629,95.875,166.4145955744468,0.19657116827375562
100p,C,0.2,1.2,12346,FS,0.7446004488530871,96.12500000000001,185.30166250000002,0.19431309884089254
100p,C,-0.2,0.8,12346,IMP,0.8306438292448255,96.12500000000001,174.48386048256026,0.19798210001099995
100p,C,-0.2,0.8,12346,FS,0.7601677366269348,96.12500000000001,189.816975,0.19504287154788102
100p,C,0.1,1.1,12346,IMP,0.8038870957008484,96.12500000000001,168.72319039879986,0.19838307506696087
100p,C,0.1,1.1,12346,FS,0.7501966154719153,96.12500000000001,186.35717499999998,0.19612141855832846
100p,tau_w,-0.2,0.8,12345,IMP,0.8612694150893816,96.625,176.4756032004,0.1752518747110994
100p,tau_w,-0.2,0.8,12345,FS,0.7600754956363299,96.625,188.9424875,0.17318665582989118
100p,p_conn,-0.2,0.8,12345,IMP,0.7723237548232774,91.12499999999999,162.41908051006376,0.28021235142094986
100p,p_conn,-0.2,0.8,12345,FS,0.7216965400380957,91.37499999999999,178.2985375,0.27595738454341656
100p,p_conn,-0.1,0.9,12345,IMP,0.8187467764427947,92.12499999999999,168.09021127640955,0.2854538120094562
100p,p_conn,-0.1,0.9,12345,FS,0.7310873466009423,92.37499999999999,179.38815,0.28092473853624156
100p,tau_w,-0.1,0.9,12345,IMP,0.8410787225302226,96.37500000000001,174.2033066633329,0.18726580755147693
100p,tau_w,-0.1,0.9,12345,FS,0.7541978308565334,96.37500000000001,188.3396,0.18484117286426746
100p,p_conn,0.2,1.2,12345,IMP,0.8588752013881495,95.875,176.9031160145018,0.19778575849139057
100p,p_conn,0.2,1.2,12345,FS,0.7586140285791813,95.875,189.34347500000004,0.19570874459545567
100p,C,0.0,1.0,12346,IMP,0.8136266567151467,95.875,171.02134016752095,0.1989040504638777
100p,C,0.0,1.0,12346,FS,0.7498029167236758,96.12500000000001,187.417725,0.19673258594205467
100p,tau_w,0.0,1.0,12346,IMP,0.8136266567151467,95.875,171.02134016752095,0.1989040504638777
100p,tau_w,0.0,1.0,12346,FS,0.7498029167236758,96.12500000000001,187.417725,0.19673258594205467
100p,p_conn,0.0,1.0,12346,IMP,0.8136266567151467,95.875,171.02134016752095,0.1989040504638777
100p,p_conn,0.0,1.0,12346,FS,0.7498029167236758,96.12500000000001,187.417725,0.19673258594205467
100p,p_conn,0.1,1.1,12345,IMP,0.85000941201533,96.12500000000001,174.65590698837354,0.19796874783037158
100p,p_conn,0.1,1.1,12345,FS,0.7594878766151316,96.12500000000001,188.60346249999998,0.19566184122599833
100p,tau_w,-0.2,0.8,12346,IMP,0.8583235689102867,96.625,176.39048943617948,0.17681224482813057
100p,tau_w,-0.2,0.8,12346,FS,0.7585399007590405,96.625,188.82662499999998,0.1747178808296965
100p,tau_w,0.1,1.1,12346,IMP,0.7857219800769567,95.625,167.78337604700585,0.20617352757394222
100p,tau_w,0.1,1.1,12346,FS,0.7526849704689931,95.875,186.8069125,0.20371745190128954
100p,tau_w,-0.1,0.9,12346,IMP,0.8376412928776168,96.12500000000001,173.9650581322665,0.1889307304473279
100p,tau_w,-0.1,0.9,12346,FS,0.7558303771285395,96.37500000000001,188.11199999999997,0.18651137317025282
100p,p_conn,-0.2,0.8,12346,IMP,0.7707268714567351,91.37499999999999,161.99497749718714,0.2762660823287778
100p,p_conn,-0.2,0.8,12346,FS,0.7209194838320064,91.625,178.4838125,0.2720704625430059
100p,tau_w,0.2,1.2,12346,IMP,0.77682453084923,90.375,169.0326540817602,0.3144997288944755
100p,tau_w,0.2,1.2,12346,FS,0.7273480649509143,90.87499999999999,177.7487125,0.30907403326683125
100p,C,0.0,1.0,12347,IMP,0.8216950696369902,96.12500000000001,170.7414458057257,0.19870911745991598
100p,C,0.0,1.0,12347,FS,0.7542431798488934,96.12500000000001,187.43567499999997,0.19657200825509308
100p,tau_w,0.0,1.0,12347,IMP,0.8216950696369902,96.12500000000001,170.7414458057257,0.19870911745991598
100p,tau_w,0.0,1.0,12347,FS,0.7542431798488934,96.12500000000001,187.43567499999997,0.19657200825509308
100p,p_conn,0.0,1.0,12347,IMP,0.8216950696369902,96.12500000000001,170.7414458057257,0.19870911745991598
100p,p_conn,0.0,1.0,12347,FS,0.7542431798488934,96.12500000000001,187.43567499999997,0.19657200825509308
100p,C,-0.2,0.8,12347,IMP,0.8408650057312345,96.12500000000001,174.796943367921,0.19567124400869162
100p,C,-0.2,0.8,12347,FS,0.7597040989770935,96.12500000000001,189.80037499999997,0.19302173858907365
100p,C,-0.1,0.9,12347,IMP,0.8301977120894868,95.875,172.5876328291036,0.19589614848479708
100p,C,-0.1,0.9,12347,FS,0.7583062164400519,96.12500000000001,188.70337500000002,0.19337326656403042
100p,p_conn,-0.1,0.9,12346,IMP,0.810105616897443,91.875,167.79156769596202,0.28432179654820755
100p,p_conn,-0.1,0.9,12346,FS,0.7300485550389055,92.125,179.2510375,0.2800072044900697
100p,C,0.1,1.1,12347,IMP,0.8121584932865753,95.875,168.8351043880485,0.19972555347461377
100p,C,0.1,1.1,12347,FS,0.748270684493684,95.875,186.21551250000002,0.19750032615170815
100p,C,0.2,1.2,12347,IMP,0.7944766478800668,95.875,165.94448056007002,0.19753089641103116
100p,C,0.2,1.2,12347,FS,0.7419963567488886,95.875,185.22620000000003,0.1952468556462737
100p,tau_w,-0.2,0.8,12347,IMP,0.8628379322528997,96.625,176.25677584698084,0.17800290336646857
100p,tau_w,-0.2,0.8,12347,FS,0.7583325659239201,96.875,188.78879999999998,0.17616017910452786
100p,p_conn,0.2,1.2,12346,IMP,0.8687332130517766,95.875,176.5674959369921,0.20033894836337252
100p,p_conn,0.2,1.2,12346,FS,0.7587689698021012,95.875,189.12150000000003,0.19810945577717712
100p,p_conn,0.1,1.1,12346,IMP,0.8398983250968175,95.875,174.4047974746843,0.1979945773757382
100p,p_conn,0.1,1.1,12346,FS,0.7596412708054797,96.12500000000001,188.51705,0.19570040185813786
100p,tau_w,-0.1,0.9,12347,IMP,0.8431946424621627,96.37500000000001,173.7687148393549,0.18771403244478424
100p,tau_w,-0.1,0.9,12347,FS,0.7540764501407904,96.37500000000001,188.20813750000002,0.18516579160274896
100p,tau_w,0.1,1.1,12347,IMP,0.7948546120061056,95.625,167.64384298037254,0.2055985878313672
100p,tau_w,0.1,1.1,12347,FS,0.7493987183641715,95.875,186.88883750000002,0.20306740800834341
100p,tau_w,0.2,1.2,12347,IMP,0.7984432720690975,90.625,169.08580135016877,0.3158665561300406
100p,tau_w,0.2,1.2,12347,FS,0.7312302533266112,90.875,177.72332500000002,0.31052338409430996
100p,p_conn,-0.2,0.8,12347,IMP,0.7717569854042782,90.87499999999999,162.12145893236652,0.2812794487894291
100p,p_conn,-0.2,0.8,12347,FS,0.7217959016182472,92.37499999999999,178.04903749999997,0.27719630186097244
100p,p_conn,-0.1,0.9,12347,IMP,0.8103325167810492,92.125,167.89218027253406,0.28211520788271005
100p,p_conn,-0.1,0.9,12347,FS,0.7335127847332993,92.37499999999999,179.5221625,0.277914710554284
100p,p_conn,0.1,1.1,12347,IMP,0.8454933847110553,95.875,174.49353356669585,0.19943299625188207
100p,p_conn,0.1,1.1,12347,FS,0.7584598079544889,96.12500000000001,188.363275,0.19735383787431002
100p,p_conn,0.2,1.2,12347,IMP,0.8668099970679439,96.12500000000001,177.43120077509687,0.1980637662306273
100p,p_conn,0.2,1.2,12347,FS,0.7653903765436877,96.12500000000001,189.35786249999998,0.19614093294434767
